Text,LZ77 Avg Length
train_batch_1.txt,2.0284313725490195
train_batch_2.txt,2.0535991140642302
train_batch_3.txt,2.024103299856528
