Text,LZMA Avg Length
train_batch_1.txt,2.1540566959921796
train_batch_2.txt,2.148444394019615
train_batch_3.txt,2.1205519244734927
