Text,LZMA Entropy
train_batch_1.txt,6.722133333333333
train_batch_2.txt,6.788266666666668
train_batch_3.txt,6.754133333333333
