Text,PPM Entropy,PPM Avg Length,LZMA Entropy,LZMA Avg Length,LZ77 Entropy,LZ77 Avg Length
mean_sul,2.8831544773333313,2.948143333333334,6.754844444444444,2.1410176714950957,4.625488888888889,2.035377928823259
