Text,PPM Entropy
train_batch_1.txt,2.8482850740000054
train_batch_2.txt,2.9127368219999985
train_batch_3.txt,2.8884415359999895
