Text,LZ77 Avg Length
train_batch_1.txt,2.035185185185185
train_batch_2.txt,2.03020993343574
train_batch_3.txt,2.0699588477366255
