Text,LZMA Entropy
train_batch_1.txt,6.598399999999999
train_batch_2.txt,6.529066666666666
train_batch_3.txt,6.728533333333334
