Text,LZMA Avg Length
train_batch_1.txt,2.3002044252044254
train_batch_2.txt,2.1666479571099546
train_batch_3.txt,2.161992734361155
