Text,PPM Entropy,PPM Avg Length,LZMA Entropy,LZMA Avg Length,LZ77 Entropy,LZ77 Avg Length
mean_norte,2.894856170666657,2.9563066666666664,6.618666666666666,2.209615038891845,4.5383555555555555,2.0451179887858504
