Text,PPM Entropy
train_batch_1.txt,2.8981450149999715
train_batch_2.txt,2.9337722400000006
train_batch_3.txt,2.8526512569999998
