Região,PPM Entropia,LZMA Entropia,LZ77 Entropia
Nordeste,2.78084566579898,6.535565861535238,4.452775677892903
Norte,2.8964326787938757,6.721527272727273,4.569780303030303
Sul,2.8629225885954233,6.670660606060604,4.568139393939394
Sudeste,2.854288451571022,6.6832242424242425,4.568133333333334
