Text,LZ77 Entropy
train_batch_1.txt,4.574866666666667
train_batch_2.txt,4.550933333333333
train_batch_3.txt,4.642066666666667
