Text,LZ77 Avg Length
train_batch_1.txt,2.0107323232323235
train_batch_2.txt,2.0579922027290447
train_batch_3.txt,2.037948028673835
