Text,LZMA Entropy
train_batch_1.txt,6.691200000000001
train_batch_2.txt,6.660800000000001
train_batch_3.txt,6.722133333333333
