Text,LZMA Avg Length
train_batch_1.txt,2.165266106442577
train_batch_2.txt,2.183351872450871
train_batch_3.txt,2.1523048472201016
