Text,PPM Entropy,PPM Avg Length,LZMA Entropy,LZMA Avg Length,LZ77 Entropy,LZ77 Avg Length
mean_sudeste,2.903772671666653,2.96775,6.691377777777778,2.1669742753711834,4.5892888888888885,2.0355575182117343
