Text,PPM Entropy
train_batch_1.txt,2.8618996020000345
train_batch_2.txt,2.9204867379999575
train_batch_3.txt,2.9289316749999674
