Text,LZ77 Entropy
train_batch_1.txt,4.431066666666666
train_batch_2.txt,4.473066666666667
train_batch_3.txt,4.5456666666666665
