Text,LZ77 Avg Length
train_batch_1.txt,2.0383344348975547
train_batch_2.txt,2.039095583787054
train_batch_3.txt,2.0433919455473624
