Text,LZMA Avg Length
train_batch_1.txt,2.1898455062897595
train_batch_2.txt,2.214504652435687
train_batch_3.txt,2.227551020408163
