Text,PPM Entropy,PPM Avg Length,LZMA Entropy,LZMA Avg Length,LZ77 Entropy,LZ77 Avg Length
mean_nordeste,2.8501908759999917,2.9136900000000003,6.5750222222222225,2.21063372637787,4.483266666666666,2.040273988077324
