Text,PPM Entropy
train_batch_1.txt,2.7767064620000013
train_batch_2.txt,2.8718822620000015
train_batch_3.txt,2.9019839039999717
