,Norte,Nordeste,Sul,Sudeste
Norte,0.000000,0.824449,0.789800,0.814343
Nordeste,0.824449,0.000000,0.788867,0.806563
Sul,0.789800,0.788867,0.000000,0.780200
Sudeste,0.814343,0.806563,0.780200,0.000000
